{"accuracy": [0.6988804340362549, 0.8901042342185974, 0.938103199005127, 0.9602367877960205, 0.9692445993423462, 0.9773516654968262, 0.9770943522453308, 0.9880324006080627, 0.9882897734642029, 0.9895766377449036], "loss": [0.7295800447463989, 0.2961309552192688, 0.17813439667224884, 0.11292573064565659, 0.0897531732916832, 0.06087130680680275, 0.06406530737876892, 0.0369727686047554, 0.03250289708375931, 0.03263555467128754], "val_accuracy": [0.8229541778564453, 0.9351518154144287, 0.9027277231216431, 0.9788985848426819, 0.9593412280082703, 0.9557385444641113, 0.9541945457458496, 0.9794132709503174, 0.9747812747955322, 0.972722589969635], "val_loss": [0.41519996523857117, 0.15811091661453247, 0.29133114218711853, 0.05532092973589897, 0.11388663947582245, 0.12249172478914261, 0.13015267252922058, 0.07183850556612015, 0.08139993250370026, 0.08421455323696136]}